transaction_id,imsi,msisdn,apn,uri,web_domain,app_name,total_bytes_send_by_ms,total_bytes_received_by_ms,user_agent,imei,rat_type,manufacturer,internal_date,internal_time,start_time_tgmt8
1,9134213534,9266125122,http.globe.com.ph,http://wikispaces.com/nonummy/maecenas/tincidunt/lacus/at/velit.xml?et=rutrum&ultrices=at&posuere=lorem&cubilia=integer&curae=tincidunt&mauris=ante&viverra=vel&diam=ipsum&vitae=praesent&quam=blandit&suspendisse=lacinia&potenti=erat&nullam=vestibulum,tripadvisor.com,Gmail - Email by Google,61718,968895643,Mozilla/5.0 (Windows NT 10.0; Win64; x64; rv:66.0) Gecko/20100101 Firefox/66.0,5.75E+13,2G,Gionee,02-04-2019,38:59.0,38:59.0
2,2211281749,9166002271,internet.globe.com.ph,https://parallels.com/pellentesque/volutpat.aspx?vivamus=eros&tortor=vestibulum&duis=ac&mattis=est&egestas=lacinia&metus=nisi&aenean=venenatis&fermentum=tristique&donec=fusce&ut=congue&mauris=diam&eget=id&massa=ornare&tempor=imperdiet&convallis=sapien&nulla=urna&neque=pretium&libero=nisl&convallis=ut&eget=volutpat&eleifend=sapien&luctus=arcu&ultricies=sed&eu=augue&nibh=aliquam&quisque=erat&id=volutpat&justo=in&sit=congue&amet=etiam&sapien=justo&dignissim=etiam&vestibulum=pretium&vestibulum=iaculis&ante=justo&ipsum=in&primis=hac&in=habitasse&faucibus=platea&orci=dictumst&luctus=etiam&et=faucibus&ultrices=cursus&posuere=urna&cubilia=ut&curae=tellus&nulla=nulla&dapibus=ut&dolor=erat&vel=id&est=mauris&donec=vulputate&odio=elementum&justo=nullam&sollicitudin=varius&ut=nulla&suscipit=facilisi&a=cras&feugiat=non&et=velit&eros=nec&vestibulum=nisi&ac=vulputate&est=nonummy&lacinia=maecenas&nisi=tincidunt&venenatis=lacus&tristique=at&fusce=velit&congue=vivamus&diam=vel&id=nulla&ornare=eget&imperdiet=eros&sapien=elementum&urna=pellentesque&pretium=quisque&nisl=porta&ut=volutpat&volutpat=erat&sapien=quisque&arcu=erat,goodreads.com,Google Chrome,14276,239111781,Mozilla/5.0 (X11; Ubuntu; Linux x86_64; rv:65.0) Gecko/20100101 Firefox/65.0,3.38E+13,2G,Modu,01-04-2019,29:17.0,29:17.0
3,9116092980,9208989737,internet.globe.com.ph,https://java.com/non/mi/integer/ac/neque/duis.json?sit=convallis&amet=nulla&consectetuer=neque&adipiscing=libero&elit=convallis&proin=eget&risus=eleifend&praesent=luctus&lectus=ultricies&vestibulum=eu&quam=nibh&sapien=quisque&varius=id&ut=justo&blandit=sit&non=amet&interdum=sapien&in=dignissim&ante=vestibulum&vestibulum=vestibulum&ante=ante&ipsum=ipsum&primis=primis&in=in&faucibus=faucibus&orci=orci&luctus=luctus&et=et&ultrices=ultrices&posuere=posuere&cubilia=cubilia&curae=curae&duis=nulla&faucibus=dapibus&accumsan=dolor&odio=vel&curabitur=est&convallis=donec&duis=odio&consequat=justo&dui=sollicitudin&nec=ut&nisi=suscipit&volutpat=a&eleifend=feugiat&donec=et&ut=eros&dolor=vestibulum&morbi=ac&vel=est&lectus=lacinia&in=nisi&quam=venenatis&fringilla=tristique&rhoncus=fusce&mauris=congue&enim=diam&leo=id&rhoncus=ornare&sed=imperdiet,examiner.com,Color Bump 3D,660,639857966,Mozilla/5.0 (Windows NT 10.0; WOW64; Trident/7.0; rv:11.0) like Gecko,8.72E+13,LTE,Toshiba,04-04-2019,17:00.0,17:00.0
4,8467145410,9181238482,http.globe.com.ph,https://zdnet.com/sapien/quis/libero/nullam.jpg?potenti=consectetuer&cras=eget&in=rutrum&purus=at&eu=lorem&magna=integer&vulputate=tincidunt&luctus=ante&cum=vel&sociis=ipsum&natoque=praesent&penatibus=blandit&et=lacinia&magnis=erat&dis=vestibulum&parturient=sed&montes=magna&nascetur=at&ridiculus=nunc&mus=commodo&vivamus=placerat&vestibulum=praesent&sagittis=blandit&sapien=nam&cum=nulla&sociis=integer&natoque=pede&penatibus=justo&et=lacinia&magnis=eget&dis=tincidunt&parturient=eget&montes=tempus&nascetur=vel,t.co,Netflix,34509,413434191,Mozilla/5.0 (X11; Ubuntu; Linux x86_64; rv:65.0) Gecko/20100101 Firefox/65.0,7.49E+13,2G,Blackview,04-04-2019,48:35.0,48:35.0
5,2853930428,9227998305,http.globe.com.ph,http://prnewswire.com/justo/eu/massa.png?eget=ut&elit=tellus&sodales=nulla&scelerisque=ut&mauris=erat&sit=id&amet=mauris&eros=vulputate&suspendisse=elementum&accumsan=nullam&tortor=varius&quis=nulla&turpis=facilisi&sed=cras&ante=non&vivamus=velit&tortor=nec&duis=nisi&mattis=vulputate&egestas=nonummy&metus=maecenas&aenean=tincidunt&fermentum=lacus&donec=at&ut=velit&mauris=vivamus&eget=vel&massa=nulla&tempor=eget&convallis=eros&nulla=elementum&neque=pellentesque&libero=quisque&convallis=porta&eget=volutpat&eleifend=erat&luctus=quisque&ultricies=erat&eu=eros&nibh=viverra&quisque=eget&id=congue&justo=eget&sit=semper&amet=rutrum&sapien=nulla&dignissim=nunc&vestibulum=purus&vestibulum=phasellus&ante=in&ipsum=felis&primis=donec&in=semper&faucibus=sapien&orci=a&luctus=libero&et=nam&ultrices=dui&posuere=proin&cubilia=leo&curae=odio&nulla=porttitor&dapibus=id&dolor=consequat&vel=in&est=consequat,ucla.edu,,50147,659487264,"Mozilla/5.0 (Macintosh; Intel Mac OS X 10_13_6) AppleWebKit/537.36 (KHTML, like Gecko) Chrome/72.0.3626.119 Safari/537.36",5.57E+13,LTE,Gigabyte,04-04-2019,05:42.0,05:42.0
6,6752498504,9202057770,http.globe.com.ph,https://wordpress.com/ac/tellus/semper/interdum.png?quis=duis&augue=faucibus&luctus=accumsan&tincidunt=odio&nulla=curabitur&mollis=convallis&molestie=duis&lorem=consequat&quisque=dui&ut=nec&erat=nisi&curabitur=volutpat&gravida=eleifend&nisi=donec&at=ut&nibh=dolor&in=morbi&hac=vel&habitasse=lectus,nydailynews.com,Facebook,8007,284893074,Mozilla/5.0 (Windows NT 10.0; Win64; x64; rv:65.0) Gecko/20100101 Firefox/65.0,8.60E+13,2G,Apple,01-04-2019,28:36.0,28:36.0
7,3173064434,9203695919,athome.globe.com.ph,http://amazon.de/fusce.png?in=magna&tempor=ac&turpis=consequat&nec=metus&euismod=sapien&scelerisque=ut&quam=nunc&turpis=vestibulum&adipiscing=ante&lorem=ipsum&vitae=primis&mattis=in&nibh=faucibus&ligula=orci&nec=luctus&sem=et&duis=ultrices&aliquam=posuere&convallis=cubilia&nunc=curae&proin=mauris&at=viverra&turpis=diam&a=vitae&pede=quam&posuere=suspendisse&nonummy=potenti&integer=nullam&non=porttitor&velit=lacus&donec=at&diam=turpis&neque=donec&vestibulum=posuere&eget=metus&vulputate=vitae&ut=ipsum&ultrices=aliquam&vel=non&augue=mauris&vestibulum=morbi&ante=non&ipsum=lectus&primis=aliquam&in=sit&faucibus=amet&orci=diam&luctus=in&et=magna&ultrices=bibendum&posuere=imperdiet&cubilia=nullam&curae=orci&donec=pede&pharetra=venenatis&magna=non&vestibulum=sodales&aliquet=sed&ultrices=tincidunt&erat=eu&tortor=felis&sollicitudin=fusce&mi=posuere&sit=felis&amet=sed&lobortis=lacus&sapien=morbi&sapien=sem&non=mauris&mi=laoreet&integer=ut&ac=rhoncus&neque=aliquet&duis=pulvinar&bibendum=sed&morbi=nisl&non=nunc&quam=rhoncus&nec=dui&dui=vel&luctus=sem&rutrum=sed&nulla=sagittis&tellus=nam&in=congue&sagittis=risus&dui=semper&vel=porta&nisl=volutpat&duis=quam&ac=pede&nibh=lobortis&fusce=ligula&lacus=sit&purus=amet&aliquet=eleifend&at=pede&feugiat=libero&non=quis,sogou.com,"YouTube: Watch, Listen, Stream",64390,692116560,Mozilla/5.0 (Windows NT 10.0; Win64; x64; rv:66.0) Gecko/20100101 Firefox/66.0,3.79E+12,LTE,Tel.Me.,01-04-2019,01:22.0,01:22.0
8,5053710447,9222463620,http.globe.com.ph,http://simplemachines.org/rutrum/nulla/tellus/in/sagittis/dui.js?ut=est&mauris=congue&eget=elementum&massa=in&tempor=hac&convallis=habitasse&nulla=platea&neque=dictumst&libero=morbi&convallis=vestibulum&eget=velit&eleifend=id&luctus=pretium&ultricies=iaculis&eu=diam&nibh=erat&quisque=fermentum&id=justo&justo=nec&sit=condimentum&amet=neque&sapien=sapien&dignissim=placerat&vestibulum=ante&vestibulum=nulla&ante=justo&ipsum=aliquam&primis=quis&in=turpis&faucibus=eget&orci=elit&luctus=sodales&et=scelerisque&ultrices=mauris&posuere=sit&cubilia=amet&curae=eros&nulla=suspendisse&dapibus=accumsan&dolor=tortor&vel=quis&est=turpis&donec=sed&odio=ante&justo=vivamus&sollicitudin=tortor&ut=duis&suscipit=mattis&a=egestas&feugiat=metus&et=aenean&eros=fermentum&vestibulum=donec&ac=ut&est=mauris&lacinia=eget&nisi=massa&venenatis=tempor&tristique=convallis&fusce=nulla,abc.net.au,Google Photos,12608,654115937,Mozilla/5.0 (Windows NT 6.1; Win64; x64; rv:65.0) Gecko/20100101 Firefox/65.0,8.72E+13,LTE,TECNO,02-04-2019,54:15.0,54:15.0
9,5632124681,9166854467,athome.globe.com.ph,http://hostgator.com/in.json?convallis=morbi&eget=non&eleifend=quam&luctus=nec&ultricies=dui&eu=luctus&nibh=rutrum&quisque=nulla&id=tellus&justo=in&sit=sagittis&amet=dui&sapien=vel&dignissim=nisl&vestibulum=duis&vestibulum=ac&ante=nibh&ipsum=fusce&primis=lacus&in=purus&faucibus=aliquet&orci=at&luctus=feugiat&et=non&ultrices=pretium&posuere=quis&cubilia=lectus&curae=suspendisse&nulla=potenti&dapibus=in&dolor=eleifend&vel=quam&est=a&donec=odio&odio=in&justo=hac&sollicitudin=habitasse&ut=platea&suscipit=dictumst&a=maecenas&feugiat=ut&et=massa&eros=quis&vestibulum=augue&ac=luctus&est=tincidunt&lacinia=nulla&nisi=mollis&venenatis=molestie&tristique=lorem&fusce=quisque&congue=ut&diam=erat&id=curabitur&ornare=gravida&imperdiet=nisi&sapien=at&urna=nibh&pretium=in&nisl=hac&ut=habitasse&volutpat=platea&sapien=dictumst&arcu=aliquam&sed=augue&augue=quam&aliquam=sollicitudin&erat=vitae&volutpat=consectetuer&in=eget&congue=rutrum,mtv.com,Deezer Music,37018,852319646,"Mozilla/5.0 (Windows NT 10.0; Win64; x64) AppleWebKit/537.36 (KHTML, like Gecko) Chrome/71.0.3578.98 Safari/537.36",8.06E+13,2G,Panasonic,02-04-2019,09:11.0,09:11.0
10,2695611604,9206070261,athome.globe.com.ph,https://cornell.edu/euismod/scelerisque.json?diam=in&erat=congue&fermentum=etiam&justo=justo&nec=etiam&condimentum=pretium&neque=iaculis&sapien=justo&placerat=in&ante=hac&nulla=habitasse&justo=platea&aliquam=dictumst&quis=etiam&turpis=faucibus&eget=cursus&elit=urna&sodales=ut&scelerisque=tellus&mauris=nulla&sit=ut&amet=erat&eros=id&suspendisse=mauris&accumsan=vulputate&tortor=elementum&quis=nullam&turpis=varius&sed=nulla&ante=facilisi&vivamus=cras&tortor=non&duis=velit&mattis=nec&egestas=nisi&metus=vulputate,springer.com,Messenger,20205,874131750,"Mozilla/5.0 (Windows NT 10.0; Win64; x64) AppleWebKit/537.36 (KHTML, like Gecko) Chrome/64.0.3282.140 Safari/537.36 Edge/17.17134",3.38E+13,LTE,verykool,01-04-2019,53:27.0,53:27.0
11,8020411963,9161894168,athome.globe.com.ph,http://blogs.com/facilisi.xml?amet=ornare&sem=consequat&fusce=lectus&consequat=in&nulla=est&nisl=risus&nunc=auctor&nisl=sed&duis=tristique&bibendum=in&felis=tempus&sed=sit&interdum=amet&venenatis=sem&turpis=fusce&enim=consequat&blandit=nulla&mi=nisl&in=nunc&porttitor=nisl&pede=duis&justo=bibendum&eu=felis&massa=sed&donec=interdum&dapibus=venenatis&duis=turpis&at=enim&velit=blandit&eu=mi&est=in&congue=porttitor&elementum=pede&in=justo&hac=eu&habitasse=massa&platea=donec&dictumst=dapibus&morbi=duis&vestibulum=at&velit=velit&id=eu&pretium=est&iaculis=congue&diam=elementum&erat=in&fermentum=hac&justo=habitasse&nec=platea&condimentum=dictumst&neque=morbi&sapien=vestibulum&placerat=velit&ante=id&nulla=pretium&justo=iaculis&aliquam=diam&quis=erat&turpis=fermentum&eget=justo&elit=nec&sodales=condimentum&scelerisque=neque&mauris=sapien&sit=placerat&amet=ante&eros=nulla&suspendisse=justo&accumsan=aliquam&tortor=quis&quis=turpis&turpis=eget&sed=elit&ante=sodales&vivamus=scelerisque&tortor=mauris,drupal.org,"YouTube: Watch, Listen, Stream",14645,171290515,"Mozilla/5.0 (Macintosh; Intel Mac OS X 10_14_0) AppleWebKit/537.36 (KHTML, like Gecko) Chrome/72.0.3626.121 Safari/537.36",2.47E+13,LTE,Xiaomi,04-04-2019,21:58.0,21:58.0
12,9674056655,9184263490,internet.globe.com.ph,http://shareasale.com/varius/integer/ac/leo/pellentesque/ultrices/mattis.png?nulla=ut&ultrices=dolor&aliquet=morbi&maecenas=vel&leo=lectus&odio=in&condimentum=quam&id=fringilla&luctus=rhoncus&nec=mauris&molestie=enim&sed=leo&justo=rhoncus&pellentesque=sed&viverra=vestibulum&pede=sit&ac=amet&diam=cursus&cras=id&pellentesque=turpis&volutpat=integer&dui=aliquet&maecenas=massa&tristique=id&est=lobortis&et=convallis&tempus=tortor&semper=risus&est=dapibus&quam=augue&pharetra=vel&magna=accumsan&ac=tellus&consequat=nisi&metus=eu&sapien=orci&ut=mauris&nunc=lacinia&vestibulum=sapien&ante=quis&ipsum=libero&primis=nullam&in=sit&faucibus=amet&orci=turpis&luctus=elementum&et=ligula&ultrices=vehicula&posuere=consequat&cubilia=morbi&curae=a&mauris=ipsum&viverra=integer&diam=a&vitae=nibh&quam=in&suspendisse=quis&potenti=justo&nullam=maecenas&porttitor=rhoncus&lacus=aliquam&at=lacus&turpis=morbi&donec=quis&posuere=tortor&metus=id&vitae=nulla&ipsum=ultrices&aliquam=aliquet&non=maecenas&mauris=leo&morbi=odio&non=condimentum&lectus=id&aliquam=luctus&sit=nec&amet=molestie&diam=sed&in=justo&magna=pellentesque&bibendum=viverra&imperdiet=pede&nullam=ac&orci=diam&pede=cras&venenatis=pellentesque&non=volutpat&sodales=dui&sed=maecenas&tincidunt=tristique&eu=est&felis=et&fusce=tempus&posuere=semper&felis=est&sed=quam&lacus=pharetra,slideshare.net,"YouTube: Watch, Listen, Stream",15191,188921708,"Mozilla/5.0 (Windows NT 10.0; Win64; x64) AppleWebKit/537.36 (KHTML, like Gecko) Chrome/71.0.3578.98 Safari/537.36",9.28E+13,2G,Bosch,03-04-2019,02:27.0,02:27.0
13,5007286248,9152849834,http.globe.com.ph,https://soup.io/ligula/vehicula/consequat/morbi/a.jpg?volutpat=ante&eleifend=ipsum&donec=primis&ut=in&dolor=faucibus&morbi=orci&vel=luctus&lectus=et&in=ultrices&quam=posuere&fringilla=cubilia&rhoncus=curae&mauris=nulla&enim=dapibus&leo=dolor&rhoncus=vel&sed=est&vestibulum=donec&sit=odio&amet=justo&cursus=sollicitudin&id=ut&turpis=suscipit&integer=a&aliquet=feugiat&massa=et&id=eros&lobortis=vestibulum&convallis=ac&tortor=est&risus=lacinia&dapibus=nisi&augue=venenatis&vel=tristique&accumsan=fusce&tellus=congue&nisi=diam&eu=id&orci=ornare&mauris=imperdiet&lacinia=sapien&sapien=urna&quis=pretium&libero=nisl&nullam=ut&sit=volutpat&amet=sapien&turpis=arcu&elementum=sed&ligula=augue&vehicula=aliquam&consequat=erat&morbi=volutpat&a=in&ipsum=congue&integer=etiam&a=justo&nibh=etiam&in=pretium&quis=iaculis&justo=justo&maecenas=in&rhoncus=hac&aliquam=habitasse&lacus=platea&morbi=dictumst&quis=etiam&tortor=faucibus&id=cursus&nulla=urna&ultrices=ut&aliquet=tellus&maecenas=nulla&leo=ut&odio=erat&condimentum=id&id=mauris&luctus=vulputate&nec=elementum&molestie=nullam&sed=varius&justo=nulla&pellentesque=facilisi&viverra=cras&pede=non&ac=velit&diam=nec&cras=nisi&pellentesque=vulputate&volutpat=nonummy&dui=maecenas&maecenas=tincidunt&tristique=lacus,dell.com,Google Chrome,36115,14892357,"Mozilla/5.0 (Windows NT 6.1; Win64; x64) AppleWebKit/537.36 (KHTML, like Gecko) Chrome/73.0.3683.86 Safari/537.36",9.36E+12,2G,Orange,01-04-2019,55:28.0,55:28.0
14,7165688348,9165868275,http.globe.com.ph,https://ning.com/ut/ultrices/vel/augue/vestibulum/ante.js?ante=pede&nulla=libero&justo=quis&aliquam=orci&quis=nullam&turpis=molestie&eget=nibh&elit=in&sodales=lectus&scelerisque=pellentesque&mauris=at&sit=nulla&amet=suspendisse&eros=potenti&suspendisse=cras&accumsan=in&tortor=purus&quis=eu&turpis=magna&sed=vulputate&ante=luctus&vivamus=cum&tortor=sociis&duis=natoque&mattis=penatibus&egestas=et&metus=magnis&aenean=dis&fermentum=parturient&donec=montes&ut=nascetur&mauris=ridiculus&eget=mus&massa=vivamus&tempor=vestibulum&convallis=sagittis&nulla=sapien&neque=cum&libero=sociis&convallis=natoque&eget=penatibus&eleifend=et&luctus=magnis&ultricies=dis&eu=parturient&nibh=montes&quisque=nascetur&id=ridiculus&justo=mus&sit=etiam&amet=vel&sapien=augue&dignissim=vestibulum&vestibulum=rutrum&vestibulum=rutrum&ante=neque&ipsum=aenean&primis=auctor&in=gravida&faucibus=sem&orci=praesent&luctus=id&et=massa&ultrices=id&posuere=nisl&cubilia=venenatis&curae=lacinia&nulla=aenean&dapibus=sit&dolor=amet&vel=justo&est=morbi&donec=ut&odio=odio&justo=cras&sollicitudin=mi&ut=pede&suscipit=malesuada&a=in&feugiat=imperdiet&et=et&eros=commodo&vestibulum=vulputate&ac=justo&est=in&lacinia=blandit,vkontakte.ru,Brawl Stars,15926,97097927,"Mozilla/5.0 (Macintosh; Intel Mac OS X 10_14_2) AppleWebKit/537.36 (KHTML, like Gecko) Chrome/72.0.3626.121 Safari/537.36",1.02E+12,2G,Allview,01-04-2019,08:33.0,08:33.0
15,3412050105,9163158326,internet.globe.com.ph,https://google.de/sollicitudin/vitae/consectetuer/eget/rutrum/at/lorem.js?massa=congue&tempor=elementum&convallis=in&nulla=hac&neque=habitasse&libero=platea&convallis=dictumst,unc.edu,Deezer Music,46330,299686691,Mozilla/5.0 (Windows NT 10.0; Win64; x64; rv:66.0) Gecko/20100101 Firefox/66.0,8.74E+13,2G,Fujitsu Siemens,04-04-2019,30:51.0,30:51.0
16,6565478526,9182604804,athome.globe.com.ph,http://ebay.com/purus/sit/amet.xml?pede=nisl&libero=ut&quis=volutpat&orci=sapien&nullam=arcu&molestie=sed&nibh=augue&in=aliquam&lectus=erat&pellentesque=volutpat&at=in&nulla=congue&suspendisse=etiam&potenti=justo&cras=etiam&in=pretium&purus=iaculis&eu=justo&magna=in&vulputate=hac&luctus=habitasse&cum=platea&sociis=dictumst&natoque=etiam&penatibus=faucibus&et=cursus&magnis=urna&dis=ut&parturient=tellus&montes=nulla&nascetur=ut&ridiculus=erat&mus=id&vivamus=mauris&vestibulum=vulputate&sagittis=elementum&sapien=nullam&cum=varius&sociis=nulla&natoque=facilisi&penatibus=cras&et=non&magnis=velit&dis=nec&parturient=nisi&montes=vulputate&nascetur=nonummy&ridiculus=maecenas&mus=tincidunt&etiam=lacus&vel=at&augue=velit&vestibulum=vivamus&rutrum=vel&rutrum=nulla&neque=eget&aenean=eros&auctor=elementum&gravida=pellentesque&sem=quisque&praesent=porta,yellowbook.com,Spotify - Music and Podcasts,42131,84777848,Mozilla/5.0 (Windows NT 6.1; Win64; x64; rv:65.0) Gecko/20100101 Firefox/65.0,8.33E+13,LTE,WND,01-04-2019,31:50.0,31:50.0
17,4158094253,9150351893,athome.globe.com.ph,http://noaa.gov/in/felis/donec/semper/sapien/a.png?dui=erat&nec=quisque&nisi=erat&volutpat=eros&eleifend=viverra&donec=eget&ut=congue&dolor=eget&morbi=semper&vel=rutrum&lectus=nulla&in=nunc&quam=purus&fringilla=phasellus&rhoncus=in&mauris=felis&enim=donec&leo=semper&rhoncus=sapien&sed=a&vestibulum=libero&sit=nam&amet=dui&cursus=proin&id=leo&turpis=odio&integer=porttitor&aliquet=id&massa=consequat&id=in&lobortis=consequat&convallis=ut&tortor=nulla&risus=sed&dapibus=accumsan&augue=felis&vel=ut&accumsan=at&tellus=dolor&nisi=quis&eu=odio&orci=consequat&mauris=varius&lacinia=integer&sapien=ac&quis=leo&libero=pellentesque&nullam=ultrices&sit=mattis&amet=odio&turpis=donec&elementum=vitae&ligula=nisi&vehicula=nam&consequat=ultrices&morbi=libero&a=non&ipsum=mattis&integer=pulvinar&a=nulla&nibh=pede&in=ullamcorper&quis=augue&justo=a&maecenas=suscipit&rhoncus=nulla&aliquam=elit&lacus=ac&morbi=nulla&quis=sed&tortor=vel&id=enim&nulla=sit&ultrices=amet&aliquet=nunc&maecenas=viverra,epa.gov,Netflix,10324,88132567,"Mozilla/5.0 (Windows NT 10.0; Win64; x64) AppleWebKit/537.36 (KHTML, like Gecko) Chrome/72.0.3626.109 Safari/537.36",9.28E+13,2G,Oppo,04-04-2019,45:19.0,45:19.0
18,3214324585,9194651927,internet.globe.com.ph,https://ezinearticles.com/in/faucibus/orci/luctus.jpg?primis=vitae&in=mattis&faucibus=nibh&orci=ligula&luctus=nec&et=sem&ultrices=duis&posuere=aliquam&cubilia=convallis&curae=nunc&donec=proin&pharetra=at&magna=turpis&vestibulum=a&aliquet=pede&ultrices=posuere&erat=nonummy&tortor=integer&sollicitudin=non&mi=velit&sit=donec&amet=diam&lobortis=neque&sapien=vestibulum&sapien=eget&non=vulputate&mi=ut&integer=ultrices&ac=vel&neque=augue&duis=vestibulum&bibendum=ante&morbi=ipsum&non=primis&quam=in&nec=faucibus&dui=orci&luctus=luctus&rutrum=et&nulla=ultrices&tellus=posuere&in=cubilia&sagittis=curae&dui=donec&vel=pharetra&nisl=magna&duis=vestibulum&ac=aliquet&nibh=ultrices&fusce=erat&lacus=tortor&purus=sollicitudin&aliquet=mi&at=sit&feugiat=amet&non=lobortis&pretium=sapien&quis=sapien&lectus=non&suspendisse=mi&potenti=integer&in=ac&eleifend=neque&quam=duis&a=bibendum&odio=morbi&in=non,jugem.jp,Google Maps - Transit & Food,17589,448956111,"Mozilla/5.0 (Macintosh; Intel Mac OS X 10_13_6) AppleWebKit/605.1.15 (KHTML, like Gecko) Version/12.0.3 Safari/605.1.15",6.75E+12,2G,Bird,01-04-2019,02:13.0,02:13.0
19,9674056655,9153066598,athome.globe.com.ph,https://youtu.be/vitae/ipsum/aliquam/non/mauris.js?fermentum=nisl&justo=ut&nec=volutpat&condimentum=sapien&neque=arcu&sapien=sed&placerat=augue&ante=aliquam&nulla=erat&justo=volutpat&aliquam=in&quis=congue&turpis=etiam&eget=justo&elit=etiam&sodales=pretium&scelerisque=iaculis&mauris=justo&sit=in&amet=hac&eros=habitasse&suspendisse=platea&accumsan=dictumst&tortor=etiam&quis=faucibus&turpis=cursus&sed=urna&ante=ut&vivamus=tellus&tortor=nulla&duis=ut&mattis=erat&egestas=id&metus=mauris&aenean=vulputate&fermentum=elementum&donec=nullam&ut=varius&mauris=nulla&eget=facilisi&massa=cras&tempor=non&convallis=velit&nulla=nec&neque=nisi&libero=vulputate&convallis=nonummy&eget=maecenas&eleifend=tincidunt&luctus=lacus&ultricies=at&eu=velit&nibh=vivamus&quisque=vel&id=nulla&justo=eget&sit=eros&amet=elementum&sapien=pellentesque&dignissim=quisque&vestibulum=porta&vestibulum=volutpat&ante=erat&ipsum=quisque&primis=erat&in=eros&faucibus=viverra&orci=eget&luctus=congue&et=eget&ultrices=semper&posuere=rutrum&cubilia=nulla&curae=nunc&nulla=purus&dapibus=phasellus&dolor=in&vel=felis&est=donec&donec=semper&odio=sapien&justo=a&sollicitudin=libero&ut=nam&suscipit=dui&a=proin&feugiat=leo&et=odio&eros=porttitor&vestibulum=id&ac=consequat&est=in&lacinia=consequat&nisi=ut&venenatis=nulla&tristique=sed&fusce=accumsan&congue=felis,hibu.com,Farming Simulator 18,37578,53047523,"Mozilla/5.0 (Windows NT 10.0; Win64; x64) AppleWebKit/537.36 (KHTML, like Gecko) Chrome/71.0.3578.98 Safari/537.36 OPR/58.0.3135.79",1.67E+13,LTE,Wiko,02-04-2019,58:30.0,58:30.0
20,7870242233,9255102633,athome.globe.com.ph,https://telegraph.co.uk/nulla/pede/ullamcorper/augue/a.xml?quis=sit&lectus=amet&suspendisse=justo&potenti=morbi&in=ut&eleifend=odio&quam=cras&a=mi&odio=pede&in=malesuada&hac=in&habitasse=imperdiet&platea=et&dictumst=commodo&maecenas=vulputate&ut=justo&massa=in&quis=blandit&augue=ultrices&luctus=enim&tincidunt=lorem&nulla=ipsum&mollis=dolor&molestie=sit&lorem=amet&quisque=consectetuer&ut=adipiscing&erat=elit&curabitur=proin&gravida=interdum&nisi=mauris&at=non&nibh=ligula&in=pellentesque&hac=ultrices&habitasse=phasellus&platea=id&dictumst=sapien&aliquam=in&augue=sapien&quam=iaculis&sollicitudin=congue&vitae=vivamus&consectetuer=metus&eget=arcu&rutrum=adipiscing&at=molestie&lorem=hendrerit&integer=at&tincidunt=vulputate&ante=vitae&vel=nisl&ipsum=aenean&praesent=lectus&blandit=pellentesque&lacinia=eget&erat=nunc,dailymail.co.uk,Spotify - Music and Podcasts,50812,1052146261,Mozilla/5.0 (X11; Ubuntu; Linux x86_64; rv:65.0) Gecko/20100101 Firefox/65.0,5.64E+13,LTE,T-Mobile,04-04-2019,01:03.0,01:03.0
21,2211281749,9155465981,athome.globe.com.ph,http://vk.com/cras/pellentesque/volutpat/dui/maecenas.xml?sit=vitae&amet=quam&consectetuer=suspendisse&adipiscing=potenti&elit=nullam&proin=porttitor&interdum=lacus&mauris=at&non=turpis&ligula=donec&pellentesque=posuere&ultrices=metus&phasellus=vitae&id=ipsum&sapien=aliquam&in=non&sapien=mauris&iaculis=morbi&congue=non&vivamus=lectus&metus=aliquam&arcu=sit&adipiscing=amet&molestie=diam&hendrerit=in&at=magna&vulputate=bibendum&vitae=imperdiet&nisl=nullam&aenean=orci&lectus=pede&pellentesque=venenatis&eget=non&nunc=sodales,washington.edu,Netflix,23867,1038817364,"Mozilla/5.0 (Windows NT 10.0; Win64; x64) AppleWebKit/537.36 (KHTML, like Gecko) Chrome/72.0.3626.119 Safari/537.36",4.82E+13,LTE,Eten,01-04-2019,25:39.0,25:39.0
22,8020411963,9172030257,athome.globe.com.ph,http://cornell.edu/vestibulum/rutrum/rutrum/neque.html?vivamus=nulla&in=mollis&felis=molestie&eu=lorem&sapien=quisque&cursus=ut&vestibulum=erat&proin=curabitur&eu=gravida&mi=nisi&nulla=at&ac=nibh&enim=in&in=hac&tempor=habitasse&turpis=platea&nec=dictumst&euismod=aliquam&scelerisque=augue&quam=quam&turpis=sollicitudin&adipiscing=vitae&lorem=consectetuer&vitae=eget&mattis=rutrum&nibh=at&ligula=lorem&nec=integer&sem=tincidunt&duis=ante&aliquam=vel,weibo.com,Google Photos,3763,154702477,"Mozilla/5.0 (Windows NT 10.0; Win64; x64) AppleWebKit/537.36 (KHTML, like Gecko) Chrome/71.0.3578.98 Safari/537.36 OPR/58.0.3135.79",8.87E+13,2G,Toshiba,02-04-2019,45:19.0,45:19.0
23,1746142573,9157720355,internet.globe.com.ph,http://jimdo.com/ornare/consequat/lectus/in/est/risus/auctor.js?nulla=et&mollis=magnis&molestie=dis&lorem=parturient&quisque=montes&ut=nascetur&erat=ridiculus&curabitur=mus&gravida=vivamus&nisi=vestibulum&at=sagittis&nibh=sapien&in=cum&hac=sociis&habitasse=natoque&platea=penatibus&dictumst=et&aliquam=magnis&augue=dis&quam=parturient&sollicitudin=montes&vitae=nascetur&consectetuer=ridiculus&eget=mus&rutrum=etiam&at=vel&lorem=augue&integer=vestibulum&tincidunt=rutrum&ante=rutrum&vel=neque&ipsum=aenean&praesent=auctor&blandit=gravida&lacinia=sem&erat=praesent&vestibulum=id&sed=massa&magna=id&at=nisl&nunc=venenatis&commodo=lacinia&placerat=aenean&praesent=sit&blandit=amet&nam=justo&nulla=morbi&integer=ut&pede=odio&justo=cras&lacinia=mi&eget=pede&tincidunt=malesuada&eget=in&tempus=imperdiet&vel=et&pede=commodo&morbi=vulputate&porttitor=justo&lorem=in&id=blandit&ligula=ultrices&suspendisse=enim&ornare=lorem&consequat=ipsum&lectus=dolor&in=sit&est=amet&risus=consectetuer&auctor=adipiscing&sed=elit&tristique=proin&in=interdum&tempus=mauris&sit=non&amet=ligula&sem=pellentesque&fusce=ultrices&consequat=phasellus&nulla=id&nisl=sapien&nunc=in&nisl=sapien&duis=iaculis&bibendum=congue&felis=vivamus&sed=metus&interdum=arcu&venenatis=adipiscing&turpis=molestie&enim=hendrerit&blandit=at&mi=vulputate&in=vitae&porttitor=nisl&pede=aenean,mozilla.com,,33402,785756899,"Mozilla/5.0 (Macintosh; Intel Mac OS X 10_14_3) AppleWebKit/537.36 (KHTML, like Gecko) Chrome/72.0.3626.119 Safari/537.36",8.06E+13,2G,O2,01-04-2019,11:00.0,11:00.0
24,5501147219,9251966011,internet.globe.com.ph,https://theguardian.com/quis.jsp?id=quis&lobortis=odio&convallis=consequat&tortor=varius&risus=integer&dapibus=ac&augue=leo&vel=pellentesque&accumsan=ultrices&tellus=mattis&nisi=odio&eu=donec&orci=vitae&mauris=nisi&lacinia=nam&sapien=ultrices&quis=libero&libero=non&nullam=mattis&sit=pulvinar&amet=nulla&turpis=pede&elementum=ullamcorper&ligula=augue&vehicula=a&consequat=suscipit&morbi=nulla&a=elit&ipsum=ac&integer=nulla&a=sed&nibh=vel&in=enim&quis=sit&justo=amet&maecenas=nunc&rhoncus=viverra&aliquam=dapibus&lacus=nulla&morbi=suscipit&quis=ligula&tortor=in&id=lacus&nulla=curabitur&ultrices=at&aliquet=ipsum&maecenas=ac&leo=tellus&odio=semper&condimentum=interdum&id=mauris&luctus=ullamcorper&nec=purus&molestie=sit&sed=amet&justo=nulla&pellentesque=quisque&viverra=arcu&pede=libero&ac=rutrum&diam=ac,homestead.com,Farming Simulator 18,57940,372435873,"Mozilla/5.0 (Macintosh; Intel Mac OS X 10_14_3) AppleWebKit/537.36 (KHTML, like Gecko) Chrome/72.0.3626.119 Safari/537.36",8.58E+13,2G,TECNO,01-04-2019,15:06.0,15:06.0
25,6565478526,9232169520,http.globe.com.ph,https://squidoo.com/cras/mi/pede/malesuada/in/imperdiet/et.aspx?volutpat=velit&sapien=nec&arcu=nisi&sed=vulputate&augue=nonummy&aliquam=maecenas&erat=tincidunt&volutpat=lacus&in=at&congue=velit&etiam=vivamus&justo=vel&etiam=nulla,mit.edu,Google Chrome,18170,947820011,Mozilla/5.0 (X11; Linux x86_64; rv:65.0) Gecko/20100101 Firefox/65.0,2.96E+13,2G,Jolla,02-04-2019,27:43.0,27:43.0
26,2894982185,9229555758,internet.globe.com.ph,http://w3.org/purus/eu/magna.png?at=tortor&velit=sollicitudin&eu=mi&est=sit&congue=amet&elementum=lobortis&in=sapien&hac=sapien&habitasse=non&platea=mi&dictumst=integer&morbi=ac&vestibulum=neque&velit=duis&id=bibendum&pretium=morbi&iaculis=non&diam=quam&erat=nec&fermentum=dui&justo=luctus&nec=rutrum&condimentum=nulla&neque=tellus&sapien=in&placerat=sagittis&ante=dui&nulla=vel&justo=nisl&aliquam=duis&quis=ac&turpis=nibh&eget=fusce&elit=lacus&sodales=purus&scelerisque=aliquet&mauris=at&sit=feugiat&amet=non&eros=pretium&suspendisse=quis&accumsan=lectus&tortor=suspendisse&quis=potenti&turpis=in&sed=eleifend&ante=quam&vivamus=a&tortor=odio&duis=in&mattis=hac&egestas=habitasse&metus=platea&aenean=dictumst&fermentum=maecenas&donec=ut&ut=massa&mauris=quis&eget=augue&massa=luctus&tempor=tincidunt&convallis=nulla&nulla=mollis&neque=molestie&libero=lorem&convallis=quisque&eget=ut&eleifend=erat&luctus=curabitur&ultricies=gravida&eu=nisi&nibh=at&quisque=nibh&id=in&justo=hac&sit=habitasse&amet=platea&sapien=dictumst,mashable.com,Facebook,51023,610195989,"Mozilla/5.0 (Windows NT 10.0; Win64; x64) AppleWebKit/537.36 (KHTML, like Gecko) Chrome/71.0.3578.98 Safari/537.36",9.70E+13,LTE,Energizer,01-04-2019,53:37.0,53:37.0
27,9041483126,9173236632,athome.globe.com.ph,http://wordpress.com/luctus/ultricies/eu.html?ac=consequat&est=ut&lacinia=nulla&nisi=sed&venenatis=accumsan&tristique=felis&fusce=ut&congue=at&diam=dolor&id=quis&ornare=odio&imperdiet=consequat&sapien=varius&urna=integer&pretium=ac&nisl=leo&ut=pellentesque&volutpat=ultrices&sapien=mattis&arcu=odio&sed=donec&augue=vitae&aliquam=nisi&erat=nam&volutpat=ultrices&in=libero&congue=non&etiam=mattis&justo=pulvinar&etiam=nulla&pretium=pede&iaculis=ullamcorper&justo=augue&in=a&hac=suscipit&habitasse=nulla&platea=elit&dictumst=ac&etiam=nulla&faucibus=sed&cursus=vel&urna=enim&ut=sit&tellus=amet&nulla=nunc&ut=viverra&erat=dapibus&id=nulla&mauris=suscipit&vulputate=ligula&elementum=in&nullam=lacus&varius=curabitur&nulla=at&facilisi=ipsum&cras=ac&non=tellus&velit=semper&nec=interdum&nisi=mauris&vulputate=ullamcorper&nonummy=purus,reddit.com,Spotify - Music and Podcasts,13455,264258055,Mozilla/5.0 (Windows NT 6.1; rv:60.0) Gecko/20100101 Firefox/60.0,7.52E+13,LTE,Samsung,02-04-2019,40:34.0,40:34.0
28,2894982185,9198088976,athome.globe.com.ph,http://last.fm/velit/eu/est/congue/elementum.jpg?id=penatibus&sapien=et&in=magnis&sapien=dis&iaculis=parturient&congue=montes&vivamus=nascetur&metus=ridiculus&arcu=mus&adipiscing=vivamus&molestie=vestibulum&hendrerit=sagittis&at=sapien&vulputate=cum&vitae=sociis&nisl=natoque&aenean=penatibus&lectus=et&pellentesque=magnis&eget=dis&nunc=parturient&donec=montes&quis=nascetur&orci=ridiculus&eget=mus&orci=etiam&vehicula=vel&condimentum=augue&curabitur=vestibulum&in=rutrum&libero=rutrum&ut=neque&massa=aenean&volutpat=auctor&convallis=gravida&morbi=sem&odio=praesent&odio=id&elementum=massa&eu=id&interdum=nisl&eu=venenatis&tincidunt=lacinia,howstuffworks.com,TikTok - Real Short Videos,51373,339851985,"Mozilla/5.0 (Windows NT 10.0; Win64; x64) AppleWebKit/537.36 (KHTML, like Gecko) Chrome/71.0.3578.98 Safari/537.36 OPR/58.0.3135.107",5.66E+13,2G,Fujitsu Siemens,03-04-2019,45:41.0,45:41.0
29,3251410115,9187994609,athome.globe.com.ph,https://liveinternet.ru/risus/auctor/sed/tristique/in/tempus/sit.js?eget=sem&tempus=sed&vel=sagittis&pede=nam&morbi=congue&porttitor=risus&lorem=semper&id=porta&ligula=volutpat&suspendisse=quam&ornare=pede&consequat=lobortis&lectus=ligula&in=sit&est=amet&risus=eleifend&auctor=pede&sed=libero&tristique=quis&in=orci&tempus=nullam&sit=molestie&amet=nibh&sem=in&fusce=lectus&consequat=pellentesque&nulla=at&nisl=nulla&nunc=suspendisse&nisl=potenti&duis=cras&bibendum=in&felis=purus&sed=eu&interdum=magna&venenatis=vulputate&turpis=luctus&enim=cum&blandit=sociis&mi=natoque&in=penatibus&porttitor=et&pede=magnis&justo=dis&eu=parturient&massa=montes&donec=nascetur&dapibus=ridiculus&duis=mus&at=vivamus&velit=vestibulum,flavors.me,Google Maps - Transit & Food,49857,486850068,Mozilla/5.0 (Windows NT 6.1; rv:60.0) Gecko/20100101 Firefox/60.0,8.65E+13,2G,YU,01-04-2019,01:09.0,01:09.0
30,5632124681,9215046075,athome.globe.com.ph,http://java.com/a/nibh/in.jpg?habitasse=tincidunt&platea=eget&dictumst=tempus&maecenas=vel&ut=pede&massa=morbi&quis=porttitor&augue=lorem&luctus=id&tincidunt=ligula&nulla=suspendisse&mollis=ornare&molestie=consequat&lorem=lectus&quisque=in&ut=est&erat=risus&curabitur=auctor&gravida=sed&nisi=tristique&at=in&nibh=tempus&in=sit&hac=amet&habitasse=sem&platea=fusce&dictumst=consequat&aliquam=nulla&augue=nisl&quam=nunc&sollicitudin=nisl&vitae=duis&consectetuer=bibendum&eget=felis&rutrum=sed&at=interdum&lorem=venenatis&integer=turpis&tincidunt=enim&ante=blandit&vel=mi&ipsum=in&praesent=porttitor&blandit=pede&lacinia=justo&erat=eu&vestibulum=massa&sed=donec&magna=dapibus&at=duis&nunc=at&commodo=velit&placerat=eu&praesent=est&blandit=congue&nam=elementum&nulla=in&integer=hac&pede=habitasse&justo=platea&lacinia=dictumst&eget=morbi&tincidunt=vestibulum&eget=velit&tempus=id&vel=pretium&pede=iaculis&morbi=diam&porttitor=erat&lorem=fermentum&id=justo&ligula=nec&suspendisse=condimentum&ornare=neque&consequat=sapien&lectus=placerat&in=ante&est=nulla&risus=justo&auctor=aliquam&sed=quis&tristique=turpis&in=eget&tempus=elit&sit=sodales&amet=scelerisque&sem=mauris&fusce=sit&consequat=amet,msu.edu,Spotify - Music and Podcasts,62997,810426594,"Mozilla/5.0 (Windows NT 10.0; Win64; x64) AppleWebKit/537.36 (KHTML, like Gecko) Chrome/72.0.3626.119 Safari/537.36",9.58E+13,2G,Bird,04-04-2019,12:11.0,12:11.0
31,8321906075,9152552174,internet.globe.com.ph,http://csmonitor.com/augue.jsp?sapien=eu&non=felis&mi=fusce&integer=posuere&ac=felis&neque=sed&duis=lacus&bibendum=morbi&morbi=sem&non=mauris&quam=laoreet&nec=ut&dui=rhoncus&luctus=aliquet&rutrum=pulvinar&nulla=sed&tellus=nisl&in=nunc&sagittis=rhoncus,slashdot.org,Fortnite,45738,249847612,Mozilla/5.0 (X11; Linux x86_64; rv:65.0) Gecko/20100101 Firefox/65.0,6.49E+13,LTE,BQ,03-04-2019,33:07.0,33:07.0
32,9134213534,9243218159,http.globe.com.ph,http://opensource.org/nibh/in/quis.jsp?donec=venenatis&ut=non&dolor=sodales&morbi=sed&vel=tincidunt&lectus=eu&in=felis&quam=fusce&fringilla=posuere&rhoncus=felis&mauris=sed&enim=lacus&leo=morbi&rhoncus=sem&sed=mauris&vestibulum=laoreet&sit=ut&amet=rhoncus&cursus=aliquet&id=pulvinar&turpis=sed&integer=nisl&aliquet=nunc&massa=rhoncus&id=dui&lobortis=vel&convallis=sem&tortor=sed&risus=sagittis&dapibus=nam&augue=congue&vel=risus&accumsan=semper&tellus=porta&nisi=volutpat&eu=quam&orci=pede&mauris=lobortis&lacinia=ligula&sapien=sit&quis=amet&libero=eleifend&nullam=pede&sit=libero&amet=quis&turpis=orci&elementum=nullam&ligula=molestie&vehicula=nibh&consequat=in&morbi=lectus&a=pellentesque&ipsum=at&integer=nulla&a=suspendisse&nibh=potenti&in=cras&quis=in&justo=purus&maecenas=eu&rhoncus=magna&aliquam=vulputate&lacus=luctus&morbi=cum,unesco.org,Messenger,59942,441423153,Mozilla/5.0 (X11; Linux x86_64; rv:65.0) Gecko/20100101 Firefox/65.0,7.85E+13,2G,Fujitsu Siemens,02-04-2019,53:54.0,53:54.0
33,6752498504,9164573731,internet.globe.com.ph,https://sun.com/amet/eros/suspendisse/accumsan/tortor/quis.xml?imperdiet=vitae&nullam=quam&orci=suspendisse&pede=potenti&venenatis=nullam&non=porttitor&sodales=lacus&sed=at&tincidunt=turpis&eu=donec&felis=posuere&fusce=metus&posuere=vitae&felis=ipsum&sed=aliquam&lacus=non&morbi=mauris&sem=morbi&mauris=non&laoreet=lectus&ut=aliquam&rhoncus=sit&aliquet=amet&pulvinar=diam&sed=in&nisl=magna&nunc=bibendum&rhoncus=imperdiet&dui=nullam&vel=orci&sem=pede&sed=venenatis&sagittis=non&nam=sodales&congue=sed&risus=tincidunt&semper=eu&porta=felis&volutpat=fusce&quam=posuere&pede=felis&lobortis=sed&ligula=lacus&sit=morbi&amet=sem&eleifend=mauris&pede=laoreet&libero=ut&quis=rhoncus&orci=aliquet&nullam=pulvinar&molestie=sed&nibh=nisl&in=nunc,discovery.com,Messenger,30754,380416055,"Mozilla/5.0 (Macintosh; Intel Mac OS X 10_14_3) AppleWebKit/537.36 (KHTML, like Gecko) Chrome/72.0.3626.109 Safari/537.36",4.90E+13,LTE,Tel.Me.,04-04-2019,41:48.0,41:48.0
34,6565478526,9175138592,athome.globe.com.ph,http://bing.com/porttitor/lorem.jpg?interdum=placerat&mauris=ante&non=nulla&ligula=justo&pellentesque=aliquam&ultrices=quis&phasellus=turpis&id=eget&sapien=elit&in=sodales&sapien=scelerisque&iaculis=mauris&congue=sit&vivamus=amet&metus=eros&arcu=suspendisse&adipiscing=accumsan&molestie=tortor&hendrerit=quis&at=turpis&vulputate=sed&vitae=ante&nisl=vivamus&aenean=tortor&lectus=duis&pellentesque=mattis&eget=egestas&nunc=metus&donec=aenean&quis=fermentum&orci=donec&eget=ut&orci=mauris&vehicula=eget&condimentum=massa&curabitur=tempor&in=convallis&libero=nulla&ut=neque&massa=libero&volutpat=convallis&convallis=eget&morbi=eleifend&odio=luctus&odio=ultricies&elementum=eu&eu=nibh&interdum=quisque&eu=id&tincidunt=justo&in=sit&leo=amet&maecenas=sapien&pulvinar=dignissim&lobortis=vestibulum&est=vestibulum&phasellus=ante&sit=ipsum&amet=primis&erat=in&nulla=faucibus&tempus=orci&vivamus=luctus&in=et&felis=ultrices&eu=posuere&sapien=cubilia&cursus=curae&vestibulum=nulla&proin=dapibus&eu=dolor&mi=vel&nulla=est&ac=donec&enim=odio&in=justo&tempor=sollicitudin&turpis=ut&nec=suscipit&euismod=a&scelerisque=feugiat&quam=et&turpis=eros&adipiscing=vestibulum&lorem=ac,plala.or.jp,Facebook,65127,229741663,"Mozilla/5.0 (Macintosh; Intel Mac OS X 10_14_3) AppleWebKit/605.1.15 (KHTML, like Gecko) Version/12.0.3 Safari/605.1.15",4.94E+13,2G,Lava,02-04-2019,02:01.0,02:01.0
35,9404153031,9182761715,internet.globe.com.ph,http://spotify.com/semper/est/quam/pharetra/magna/ac.png?maecenas=non&pulvinar=ligula&lobortis=pellentesque&est=ultrices&phasellus=phasellus&sit=id&amet=sapien&erat=in&nulla=sapien&tempus=iaculis&vivamus=congue&in=vivamus&felis=metus&eu=arcu&sapien=adipiscing&cursus=molestie&vestibulum=hendrerit&proin=at&eu=vulputate&mi=vitae&nulla=nisl&ac=aenean&enim=lectus&in=pellentesque&tempor=eget&turpis=nunc&nec=donec&euismod=quis&scelerisque=orci&quam=eget&turpis=orci&adipiscing=vehicula,merriam-webster.com,Minecraft,23228,996938407,"Mozilla/5.0 (Windows NT 6.1; Win64; x64) AppleWebKit/537.36 (KHTML, like Gecko) Chrome/72.0.3626.119 Safari/537.36",5.34E+13,LTE,XOLO,04-04-2019,47:18.0,47:18.0
36,9768278527,9180160602,athome.globe.com.ph,http://ameblo.jp/dignissim/vestibulum.xml?posuere=porttitor&cubilia=pede&curae=justo&mauris=eu&viverra=massa&diam=donec&vitae=dapibus&quam=duis&suspendisse=at&potenti=velit&nullam=eu&porttitor=est&lacus=congue&at=elementum&turpis=in&donec=hac&posuere=habitasse&metus=platea&vitae=dictumst&ipsum=morbi&aliquam=vestibulum&non=velit&mauris=id&morbi=pretium&non=iaculis&lectus=diam&aliquam=erat&sit=fermentum&amet=justo&diam=nec&in=condimentum&magna=neque&bibendum=sapien&imperdiet=placerat&nullam=ante&orci=nulla&pede=justo&venenatis=aliquam&non=quis&sodales=turpis&sed=eget&tincidunt=elit&eu=sodales&felis=scelerisque&fusce=mauris,newyorker.com,Spotify - Music and Podcasts,5712,179169282,"Mozilla/5.0 (Macintosh; Intel Mac OS X 10_13_6) AppleWebKit/605.1.15 (KHTML, like Gecko) Version/12.0.3 Safari/605.1.15",8.72E+13,2G,O2,04-04-2019,23:25.0,23:25.0
37,9404153031,9266814468,internet.globe.com.ph,http://nydailynews.com/et/commodo/vulputate/justo/in/blandit.js?magna=diam&vestibulum=id&aliquet=ornare&ultrices=imperdiet&erat=sapien&tortor=urna&sollicitudin=pretium&mi=nisl&sit=ut&amet=volutpat&lobortis=sapien&sapien=arcu&sapien=sed&non=augue&mi=aliquam&integer=erat&ac=volutpat&neque=in&duis=congue&bibendum=etiam&morbi=justo&non=etiam&quam=pretium&nec=iaculis&dui=justo&luctus=in&rutrum=hac&nulla=habitasse&tellus=platea&in=dictumst&sagittis=etiam&dui=faucibus&vel=cursus&nisl=urna&duis=ut&ac=tellus&nibh=nulla&fusce=ut&lacus=erat&purus=id&aliquet=mauris&at=vulputate&feugiat=elementum&non=nullam&pretium=varius&quis=nulla&lectus=facilisi&suspendisse=cras&potenti=non&in=velit&eleifend=nec&quam=nisi&a=vulputate&odio=nonummy&in=maecenas&hac=tincidunt&habitasse=lacus&platea=at&dictumst=velit&maecenas=vivamus&ut=vel&massa=nulla&quis=eget&augue=eros&luctus=elementum&tincidunt=pellentesque&nulla=quisque&mollis=porta&molestie=volutpat&lorem=erat&quisque=quisque,time.com,Messenger,30600,164635853,"Mozilla/5.0 (Macintosh; Intel Mac OS X 10_14_3) AppleWebKit/537.36 (KHTML, like Gecko) Chrome/72.0.3626.109 Safari/537.36",2.26E+13,2G,Blackview,01-04-2019,39:24.0,39:24.0
38,8088898598,9255711137,internet.globe.com.ph,https://cdc.gov/sit.html?pede=commodo&ac=vulputate&diam=justo&cras=in&pellentesque=blandit&volutpat=ultrices&dui=enim&maecenas=lorem&tristique=ipsum&est=dolor&et=sit&tempus=amet&semper=consectetuer&est=adipiscing&quam=elit&pharetra=proin&magna=interdum&ac=mauris&consequat=non&metus=ligula&sapien=pellentesque&ut=ultrices&nunc=phasellus&vestibulum=id&ante=sapien&ipsum=in&primis=sapien&in=iaculis&faucibus=congue&orci=vivamus&luctus=metus,t.co,"YouTube: Watch, Listen, Stream",58437,539908560,Mozilla/5.0 (Windows NT 6.1; Win64; x64; rv:65.0) Gecko/20100101 Firefox/65.0,4.90E+13,LTE,WND,03-04-2019,15:14.0,15:14.0
39,5007286248,9159935091,athome.globe.com.ph,https://aboutads.info/quisque/erat.png?ut=justo&tellus=aliquam&nulla=quis&ut=turpis&erat=eget&id=elit&mauris=sodales&vulputate=scelerisque&elementum=mauris&nullam=sit&varius=amet&nulla=eros&facilisi=suspendisse&cras=accumsan&non=tortor&velit=quis&nec=turpis&nisi=sed&vulputate=ante&nonummy=vivamus&maecenas=tortor&tincidunt=duis&lacus=mattis&at=egestas&velit=metus&vivamus=aenean&vel=fermentum&nulla=donec&eget=ut&eros=mauris&elementum=eget&pellentesque=massa&quisque=tempor&porta=convallis&volutpat=nulla&erat=neque&quisque=libero&erat=convallis&eros=eget&viverra=eleifend&eget=luctus&congue=ultricies&eget=eu&semper=nibh&rutrum=quisque&nulla=id&nunc=justo&purus=sit&phasellus=amet&in=sapien&felis=dignissim&donec=vestibulum&semper=vestibulum&sapien=ante&a=ipsum&libero=primis&nam=in&dui=faucibus&proin=orci&leo=luctus&odio=et&porttitor=ultrices&id=posuere,drupal.org,Netflix,34522,921823757,Mozilla/5.0 (Windows NT 6.1; Win64; x64; rv:65.0) Gecko/20100101 Firefox/65.0,5.34E+13,2G,Acer,01-04-2019,29:36.0,29:36.0
40,9116092980,9221575580,http.globe.com.ph,https://japanpost.jp/elit/proin/risus/praesent/lectus/vestibulum.jpg?non=amet&mattis=consectetuer&pulvinar=adipiscing&nulla=elit&pede=proin&ullamcorper=risus&augue=praesent&a=lectus&suscipit=vestibulum&nulla=quam&elit=sapien&ac=varius&nulla=ut&sed=blandit&vel=non&enim=interdum&sit=in&amet=ante&nunc=vestibulum&viverra=ante&dapibus=ipsum&nulla=primis&suscipit=in&ligula=faucibus&in=orci&lacus=luctus&curabitur=et&at=ultrices&ipsum=posuere&ac=cubilia&tellus=curae&semper=duis&interdum=faucibus&mauris=accumsan&ullamcorper=odio&purus=curabitur&sit=convallis&amet=duis&nulla=consequat&quisque=dui&arcu=nec&libero=nisi,netlog.com,Google Photos,49662,978150415,Mozilla/5.0 (Windows NT 10.0; Win64; x64; rv:66.0) Gecko/20100101 Firefox/66.0,6.09E+13,2G,Mitac,02-04-2019,17:35.0,17:35.0
41,5834943027,9213690773,http.globe.com.ph,http://cdc.gov/vulputate/vitae/nisl/aenean.jpg?dolor=pede&vel=posuere&est=nonummy&donec=integer&odio=non&justo=velit&sollicitudin=donec&ut=diam&suscipit=neque&a=vestibulum&feugiat=eget&et=vulputate&eros=ut&vestibulum=ultrices&ac=vel&est=augue&lacinia=vestibulum&nisi=ante&venenatis=ipsum&tristique=primis&fusce=in&congue=faucibus&diam=orci&id=luctus&ornare=et&imperdiet=ultrices&sapien=posuere&urna=cubilia&pretium=curae&nisl=donec&ut=pharetra&volutpat=magna&sapien=vestibulum&arcu=aliquet&sed=ultrices&augue=erat&aliquam=tortor&erat=sollicitudin&volutpat=mi&in=sit&congue=amet&etiam=lobortis&justo=sapien&etiam=sapien&pretium=non&iaculis=mi&justo=integer&in=ac&hac=neque&habitasse=duis&platea=bibendum&dictumst=morbi&etiam=non&faucibus=quam&cursus=nec&urna=dui&ut=luctus&tellus=rutrum&nulla=nulla&ut=tellus&erat=in&id=sagittis&mauris=dui&vulputate=vel&elementum=nisl&nullam=duis&varius=ac&nulla=nibh&facilisi=fusce&cras=lacus&non=purus&velit=aliquet&nec=at&nisi=feugiat&vulputate=non&nonummy=pretium&maecenas=quis&tincidunt=lectus&lacus=suspendisse&at=potenti&velit=in&vivamus=eleifend&vel=quam&nulla=a&eget=odio&eros=in&elementum=hac&pellentesque=habitasse&quisque=platea&porta=dictumst,linkedin.com,Gmail - Email by Google,41206,536678356,Mozilla/5.0 (Macintosh; Intel Mac OS X 10.13; rv:65.0) Gecko/20100101 Firefox/65.0,4.09E+13,2G,Honor,01-04-2019,28:47.0,28:47.0
42,9674056655,9182610375,internet.globe.com.ph,http://cocolog-nifty.com/vestibulum/ante/ipsum/primis/in/faucibus.js?quis=aliquam&augue=augue&luctus=quam&tincidunt=sollicitudin&nulla=vitae&mollis=consectetuer&molestie=eget&lorem=rutrum&quisque=at&ut=lorem&erat=integer&curabitur=tincidunt&gravida=ante&nisi=vel&at=ipsum&nibh=praesent&in=blandit&hac=lacinia&habitasse=erat&platea=vestibulum&dictumst=sed,guardian.co.uk,Google Maps - Transit & Food,53924,732014896,"Mozilla/5.0 (Windows NT 10.0; Win64; x64) AppleWebKit/537.36 (KHTML, like Gecko) Chrome/71.0.3578.98 Safari/537.36 OPR/58.0.3135.79",3.26E+13,2G,Lenovo,01-04-2019,02:34.0,02:34.0
43,8088898598,9162525745,http.globe.com.ph,http://go.com/semper/sapien/a/libero/nam/dui.png?et=accumsan&eros=odio&vestibulum=curabitur&ac=convallis&est=duis&lacinia=consequat&nisi=dui&venenatis=nec&tristique=nisi&fusce=volutpat&congue=eleifend&diam=donec&id=ut&ornare=dolor&imperdiet=morbi&sapien=vel&urna=lectus&pretium=in&nisl=quam&ut=fringilla&volutpat=rhoncus&sapien=mauris&arcu=enim&sed=leo&augue=rhoncus&aliquam=sed&erat=vestibulum&volutpat=sit&in=amet&congue=cursus,hp.com,Subway Surfers,16184,671780360,"Mozilla/5.0 (Macintosh; Intel Mac OS X 10_14_3) AppleWebKit/537.36 (KHTML, like Gecko) Chrome/72.0.3626.121 Safari/537.36",4.94E+13,2G,Blackview,03-04-2019,47:55.0,47:55.0
44,8437598179,9244371255,http.globe.com.ph,https://rambler.ru/faucibus/cursus/urna/ut/tellus.json?sapien=aliquam&placerat=erat&ante=volutpat&nulla=in&justo=congue&aliquam=etiam&quis=justo&turpis=etiam&eget=pretium&elit=iaculis&sodales=justo&scelerisque=in&mauris=hac&sit=habitasse&amet=platea&eros=dictumst&suspendisse=etiam&accumsan=faucibus&tortor=cursus&quis=urna&turpis=ut&sed=tellus&ante=nulla&vivamus=ut&tortor=erat&duis=id&mattis=mauris&egestas=vulputate&metus=elementum&aenean=nullam&fermentum=varius&donec=nulla&ut=facilisi&mauris=cras&eget=non&massa=velit&tempor=nec&convallis=nisi&nulla=vulputate&neque=nonummy&libero=maecenas&convallis=tincidunt&eget=lacus&eleifend=at&luctus=velit&ultricies=vivamus&eu=vel&nibh=nulla&quisque=eget&id=eros&justo=elementum&sit=pellentesque&amet=quisque&sapien=porta&dignissim=volutpat&vestibulum=erat&vestibulum=quisque&ante=erat&ipsum=eros&primis=viverra&in=eget&faucibus=congue&orci=eget&luctus=semper&et=rutrum&ultrices=nulla&posuere=nunc&cubilia=purus&curae=phasellus&nulla=in&dapibus=felis&dolor=donec&vel=semper&est=sapien&donec=a&odio=libero&justo=nam&sollicitudin=dui&ut=proin&suscipit=leo&a=odio&feugiat=porttitor&et=id&eros=consequat,networkadvertising.org,Google Photos,44757,559721565,"Mozilla/5.0 (Windows NT 10.0; Win64; x64) AppleWebKit/537.36 (KHTML, like Gecko) Chrome/73.0.3683.86 Safari/537.36",7.52E+13,LTE,Yezz,02-04-2019,38:47.0,38:47.0
45,9991508417,9209493101,internet.globe.com.ph,http://a8.net/venenatis/tristique/fusce/congue/diam/id.html?dapibus=nisi&duis=venenatis&at=tristique&velit=fusce&eu=congue&est=diam&congue=id&elementum=ornare&in=imperdiet&hac=sapien&habitasse=urna&platea=pretium,cyberchimps.com,Netflix,63277,578017311,"Mozilla/5.0 (Windows NT 10.0; Win64; x64) AppleWebKit/537.36 (KHTML, like Gecko) Chrome/71.0.3578.98 Safari/537.36 OPR/58.0.3135.79",2.11E+13,2G,vivo,03-04-2019,36:47.0,36:47.0
46,6565478526,9264675632,athome.globe.com.ph,https://sciencedirect.com/suscipit/nulla/elit/ac/nulla.json?metus=tincidunt&aenean=nulla&fermentum=mollis&donec=molestie&ut=lorem&mauris=quisque&eget=ut&massa=erat&tempor=curabitur&convallis=gravida&nulla=nisi&neque=at&libero=nibh&convallis=in&eget=hac&eleifend=habitasse&luctus=platea&ultricies=dictumst&eu=aliquam&nibh=augue&quisque=quam&id=sollicitudin&justo=vitae,irs.gov,Subway Surfers,55326,705543061,"Mozilla/5.0 (Windows NT 10.0; Win64; x64) AppleWebKit/537.36 (KHTML, like Gecko) Chrome/73.0.3683.86 Safari/537.36",7.63E+13,2G,Nokia,01-04-2019,28:42.0,28:42.0
47,8437598179,9150179551,internet.globe.com.ph,http://scribd.com/nonummy/maecenas/tincidunt/lacus/at.xml?in=lacinia&tempus=eget&sit=tincidunt&amet=eget&sem=tempus&fusce=vel&consequat=pede&nulla=morbi&nisl=porttitor&nunc=lorem&nisl=id&duis=ligula&bibendum=suspendisse&felis=ornare&sed=consequat&interdum=lectus&venenatis=in&turpis=est&enim=risus&blandit=auctor&mi=sed&in=tristique&porttitor=in&pede=tempus&justo=sit&eu=amet,merriam-webster.com,"YouTube: Watch, Listen, Stream",15794,202864441,Mozilla/5.0 (Macintosh; Intel Mac OS X 10.14; rv:65.0) Gecko/20100101 Firefox/65.0,7.04E+13,2G,O2,04-04-2019,18:06.0,18:06.0
48,9041483126,9199634985,internet.globe.com.ph,https://friendfeed.com/ut.png?amet=justo&turpis=in&elementum=blandit&ligula=ultrices&vehicula=enim&consequat=lorem&morbi=ipsum&a=dolor&ipsum=sit&integer=amet&a=consectetuer&nibh=adipiscing&in=elit&quis=proin&justo=interdum&maecenas=mauris&rhoncus=non&aliquam=ligula&lacus=pellentesque&morbi=ultrices&quis=phasellus&tortor=id&id=sapien&nulla=in&ultrices=sapien&aliquet=iaculis&maecenas=congue&leo=vivamus&odio=metus&condimentum=arcu&id=adipiscing&luctus=molestie&nec=hendrerit&molestie=at&sed=vulputate&justo=vitae&pellentesque=nisl&viverra=aenean&pede=lectus&ac=pellentesque&diam=eget&cras=nunc&pellentesque=donec&volutpat=quis&dui=orci&maecenas=eget&tristique=orci&est=vehicula&et=condimentum&tempus=curabitur&semper=in&est=libero&quam=ut&pharetra=massa&magna=volutpat&ac=convallis&consequat=morbi&metus=odio&sapien=odio&ut=elementum&nunc=eu&vestibulum=interdum&ante=eu&ipsum=tincidunt&primis=in&in=leo,barnesandnoble.com,Messenger,44959,342444971,"Mozilla/5.0 (Windows NT 6.3; Win64; x64) AppleWebKit/537.36 (KHTML, like Gecko) Chrome/72.0.3626.121 Safari/537.36",7.85E+13,2G,T-Mobile,02-04-2019,07:15.0,07:15.0
49,8000352909,9236242252,internet.globe.com.ph,http://over-blog.com/imperdiet/nullam/orci/pede/venenatis/non/sodales.jpg?a=hendrerit&odio=at&in=vulputate&hac=vitae&habitasse=nisl&platea=aenean&dictumst=lectus&maecenas=pellentesque&ut=eget&massa=nunc&quis=donec&augue=quis&luctus=orci&tincidunt=eget,usa.gov,Messenger,3336,614120472,"Mozilla/5.0 (Macintosh; Intel Mac OS X 10_12_6) AppleWebKit/537.36 (KHTML, like Gecko) Chrome/72.0.3626.121 Safari/537.36",7.91E+11,LTE,OnePlus,04-04-2019,38:55.0,38:55.0
50,6261500805,9251957484,athome.globe.com.ph,http://unc.edu/suspendisse.png?lectus=non&suspendisse=mi&potenti=integer&in=ac,privacy.gov.au,Fortnite,5913,897582895,"Mozilla/5.0 (Windows NT 10.0; Win64; x64) AppleWebKit/537.36 (KHTML, like Gecko) Chrome/71.0.3578.98 Safari/537.36 OPR/58.0.3135.107",6.04E+13,LTE,Siemens,01-04-2019,08:58.0,08:58.0
